{
  "validation_date": "2025-09-20",
  "model_file": "focused_spectrographic_best.h5",
  "model_parameters": 786300,
  "validation_samples": 900,
  "overall_accuracy": 0.5977777777777777,
  "meets_95_target": false,
  "class_metrics": {
    "background": {
      "accuracy": 0.9066666666666666,
      "precision": 0.5291828793671365,
      "recall": 0.9066666666364445,
      "f1": 0.6683046636338282,
      "samples": 300.0
    },
    "vehicle": {
      "accuracy": 0.8866666666666667,
      "precision": 0.6891191709666031,
      "recall": 0.8866666666371111,
      "f1": 0.7755101991376043,
      "samples": 300.0
    },
    "aircraft": {
      "accuracy": 0.0,
      "precision": 0.0,
      "recall": 0.0,
      "f1": 0.0,
      "samples": 300.0
    }
  },
  "confusion_matrix": [
    [
      272,
      28,
      0
    ],
    [
      34,
      266,
      0
    ],
    [
      208,
      92,
      0
    ]
  ],
  "confidence_stats": {
    "mean": 0.9098899364471436,
    "min": 0.50066739320755,
    "max": 1.0,
    "low_confidence_count": 126,
    "low_confidence_accuracy": 0.29365079365079366
  }
}